{"cameraMode":{"drawMode":0,"name":"Shaded","section":"Shading Mode"},"sceneLighting":false,"audioPlay":false,"sceneViewState":{"showFog":true,"showMaterialUpdate":true,"showSkybox":false,"showFlares":true,"showImageEffects":true,"showParticleSystems":true},"in2DMode":false,"pivot":{"x":1.423973798751831,"y":1.269494652748108,"z":-0.9716796875},"rotation":{"x":0.12430138140916825,"y":0.6729910969734192,"z":-0.7198096513748169,"w":0.11621646583080292},"size":5.062553405761719,"orthographic":true}