{"cameraMode":{"drawMode":0,"name":"Shaded","section":"Shading Mode"},"sceneLighting":false,"audioPlay":false,"sceneViewState":{"showFog":true,"showMaterialUpdate":true,"showSkybox":false,"showFlares":true,"showImageEffects":true,"showParticleSystems":true},"in2DMode":false,"pivot":{"x":0.08999991416931153,"y":0.0,"z":-3.580000162124634},"rotation":{"x":0.28875187039375307,"y":0.3340325653553009,"z":-0.10829049348831177,"w":0.8906844854354858},"size":5.641630172729492,"orthographic":false}