{"cameraMode":{"drawMode":0,"name":"Shaded","section":"Shading Mode"},"sceneLighting":true,"audioPlay":false,"sceneViewState":{"showFog":true,"showMaterialUpdate":true,"showSkybox":true,"showFlares":true,"showImageEffects":true,"showParticleSystems":true},"in2DMode":false,"pivot":{"x":-5.192522048950195,"y":4.652055740356445,"z":-6.313447952270508},"rotation":{"x":0.24964672327041627,"y":0.4989880919456482,"z":-0.15271654725074769,"w":0.8156994581222534},"size":12.061266899108887,"orthographic":false}