{"cameraMode":{"drawMode":0,"name":"Shaded","section":"Shading Mode"},"sceneLighting":false,"audioPlay":false,"sceneViewState":{"showFog":true,"showMaterialUpdate":true,"showSkybox":false,"showFlares":true,"showImageEffects":true,"showParticleSystems":true},"in2DMode":false,"pivot":{"x":643.0360717773438,"y":358.789306640625,"z":1.8134620189666749},"rotation":{"x":0.14606431126594544,"y":0.5497122406959534,"z":-0.09832808375358582,"w":0.8165870308876038},"size":2.9812171459198,"orthographic":false}