{"cameraMode":{"drawMode":0,"name":"Shaded","section":"Shading Mode"},"sceneLighting":false,"audioPlay":false,"sceneViewState":{"showFog":true,"showMaterialUpdate":true,"showSkybox":false,"showFlares":true,"showImageEffects":true,"showParticleSystems":true},"in2DMode":false,"pivot":{"x":67.85738372802735,"y":51.88887405395508,"z":54.987823486328128},"rotation":{"x":0.3236461281776428,"y":-0.04680996760725975,"z":0.016033580526709558,"w":0.9448834657669067},"size":0.8660253882408142,"orthographic":false}