{"cameraMode":{"drawMode":0,"name":"Shaded","section":"Shading Mode"},"sceneLighting":false,"audioPlay":false,"sceneViewState":{"showFog":true,"showMaterialUpdate":true,"showSkybox":false,"showFlares":true,"showImageEffects":true,"showParticleSystems":true},"in2DMode":false,"pivot":{"x":3.1620376110076906,"y":36.488643646240237,"z":-72.071044921875},"rotation":{"x":0.32403406500816347,"y":-0.007095254026353359,"z":0.002430298598483205,"w":0.9460155963897705},"size":10.0,"orthographic":false}