{"cameraMode":{"drawMode":0,"name":"Shaded","section":"Shading Mode"},"sceneLighting":true,"audioPlay":false,"sceneViewState":{"showFog":true,"showMaterialUpdate":true,"showSkybox":true,"showFlares":true,"showImageEffects":true,"showParticleSystems":true},"in2DMode":false,"pivot":{"x":-11.486328125,"y":11.5654296875,"z":-6.414306640625},"rotation":{"x":0.18863067030906678,"y":0.5787826776504517,"z":-0.1397988200187683,"w":0.7809522747993469},"size":14.860950469970704,"orthographic":true}