{"cameraMode":{"drawMode":0,"name":"Shaded","section":"Shading Mode"},"sceneLighting":true,"audioPlay":false,"sceneViewState":{"showFog":true,"showMaterialUpdate":true,"showSkybox":true,"showFlares":true,"showImageEffects":true,"showParticleSystems":true},"in2DMode":false,"pivot":{"x":10.898685455322266,"y":-5.500091552734375,"z":-1.860595703125},"rotation":{"x":-0.33371591567993166,"y":-0.5821784734725952,"z":0.2836013734340668,"w":-0.685040295124054},"size":27.706947326660158,"orthographic":false}