{"cameraMode":{"drawMode":0,"name":"Shaded","section":"Shading Mode"},"sceneLighting":false,"audioPlay":false,"sceneViewState":{"showFog":true,"showMaterialUpdate":true,"showSkybox":false,"showFlares":true,"showImageEffects":true,"showParticleSystems":true},"in2DMode":false,"pivot":{"x":2.1173095703125,"y":-0.8600006103515625,"z":-1.388824462890625},"rotation":{"x":-0.4332447052001953,"y":-0.5594996809959412,"z":0.43585333228111269,"w":-0.5561462640762329},"size":86.6025390625,"orthographic":false}