{"cameraMode":{"drawMode":0,"name":"Shaded","section":"Shading Mode"},"sceneLighting":true,"audioPlay":false,"sceneViewState":{"showFog":true,"showMaterialUpdate":true,"showSkybox":true,"showFlares":true,"showImageEffects":true,"showParticleSystems":true},"in2DMode":false,"pivot":{"x":-381.60906982421877,"y":313.631591796875,"z":251.62139892578126},"rotation":{"x":0.341891348361969,"y":0.13049834966659547,"z":-0.048005517572164538,"w":0.9293954968452454},"size":734.3023681640625,"orthographic":false}